title,description,published_at,source,url
Lenovo’s flagship gaming laptop has a 2D / 3D screen and carbon fiber lid,"Lenovo is announcing a new 10th-generation Legion 9i gaming laptop coming soon to China and scheduled for the fall in North America. The 18-inch behemoth is packed with top-end specs, including the option for a 4K-capable 2D / 3D screen, Nvidia RTX 5090 GPU, …",2025-05-08 09:38:37+00:00,The Verge,https://www.theverge.com/news/663084/lenovo-legion-9i-18-rtx-5090-2d-3d-gaming-laptop-announcement-specs
The Climate Crisis Threatens Supply Chains. Manufacturers Hope AI Can Help,The Covid-19 pandemic showed just how vulnerable global supply chains are. Climate shocks could pose an even greater risk.,2025-05-02 10:00:00+00:00,Wired,https://www.wired.com/story/manufacturers-hope-ai-will-save-supply-chains-from-climate-crisis/
Nvidia CEO says 'San Francisco is back' — and it's thanks to the AI gold rush,"""Just about everybody evacuated San Francisco,"" Nvidia CEO Jensen Huang said. ""Now it's thriving again. It's all because of AI.""",2025-05-06 09:55:01+00:00,Business Insider,https://www.businessinsider.com/nvidia-ceo-san-francisco-is-back-ai-boom-2025-5
Here’s Alienware’s fresh take on entry-level gaming laptops,"Alienware is introducing a pair of new, more affordable gaming laptops: the Aurora 16 and 16X, starting at $1,149 and $1,949, respectively. Unlike the flagship Area-51 laptops announced back at CES, the Auroras are meant to be a little more versatile, portabl…",2025-05-07 22:09:18+00:00,The Verge,https://www.theverge.com/news/662857/alienware-aurora-16-16x-gaming-laptop-nvidia-rtx-price-specs
"A New GTA VI Trailer Is Here, but We Still Don’t Know if the Game Is Coming to Switch 2","Grand Theft Auto VI is going to be on PS5 and Xbox on May 26, though Switch 2 wasn't mentioned at all.",2025-05-06 17:30:57+00:00,Gizmodo.com,https://gizmodo.com/a-new-gta-vi-trailer-is-here-but-we-still-dont-know-if-the-game-is-coming-to-switch-2-2000598647
Analyzing Modern Nvidia GPU Cores,"GPUs are the most popular platform for accelerating HPC workloads, such as artificial intelligence and science simulations. However, most microarchitectural research in academia relies on GPU core pipeline designs based on architectures that are more than 15 …",2025-05-05 23:38:56+00:00,Arxiv.org,https://arxiv.org/abs/2503.20481
Nvidia CEO gets first base salary pay bump in 10 years,"Nvidia (NVDA) CEO Jensen Huang is getting a raise — his first base salary pay bump in a decade. Huang's 2025 base pay is now $1.5 million, up 50% from 2024. ...",2025-05-02 17:15:12+00:00,Yahoo Entertainment,https://finance.yahoo.com/video/nvidia-ceo-gets-first-salary-171512943.html
"Nvidia CEO Jensen Huang Sounds Alarm As 50% Of AI Researchers Are Chinese, Urges America To Reskill Amid 'Infinite Game'",,2025-05-02 03:59:16+00:00,Yahoo Entertainment,https://consent.yahoo.com/v2/collectConsent?sessionId=1_cc-session_630a7bda-daca-4cb1-a266-811a0fa0c838
ChatGPT Stock Advice: NVIDIA Corporation (NVDA) Among Top Stock Recommendations,,2025-05-06 09:08:03+00:00,Yahoo Entertainment,https://consent.yahoo.com/v2/collectConsent?sessionId=1_cc-session_0e800b96-1724-4f53-bfdf-915c7eaeb0e5
Is NVIDIA Corporation (NVDA) the Best Dow Stock?,,2025-05-07 18:26:24+00:00,Yahoo Entertainment,https://consent.yahoo.com/v2/collectConsent?sessionId=1_cc-session_c3962cda-53b6-44c6-a7ef-9ac9233da8f4
Jensen Huang says he uses AI as a tutor 'every day',"Jensen Huang said at the 28th annual Milken Institute Global Conference that AI is the ""greatest opportunity for us to close the technology divide.""",2025-05-07 06:50:17+00:00,Business Insider,https://www.businessinsider.com/nvidia-ceo-jensen-huang-ai-tutor-every-day-milken-2025-5
GenAI-Accelerated TLA+ Challenge,"The TLA+ Foundation, in collaboration with NVIDIA, is pleased to announce the GenAI-accelerated TLA+ challenge—an open call for submissions that explore the intersection of TLA+ and generative AI. This initiative aims to foster practical and innovative toolin…",2025-05-06 17:54:52+00:00,Tlapl.us,https://foundation.tlapl.us/challenge/index.html
Why This Nvidia-Backed Robotaxi Stock Is Skyrocketing Today,,2025-05-06 18:19:00+00:00,Yahoo Entertainment,https://consent.yahoo.com/v2/collectConsent?sessionId=1_cc-session_976101cc-03f4-43aa-abcf-f10979001ce0
Among David Tepper’s Stock Picks with Huge Upside Potential,"In This Article:
We have published an article titled Billionaire David Tepper's 10 Stock Picks with Huge Upside Potential. In this article, we are going to take a look at where NVIDIA Corporation (NASDAQ:NVDA) stands against David Tepper's other stock picks.
…",2025-05-07 12:17:55+00:00,Biztoc.com,https://biztoc.com/x/c195c19a41de9b45
The $170 Backbone Pro Mobile Controller Falls Just Short of Premium,"The Backbone Pro wants to be your controller for both mobile and PC, but it's too expensive for what it does.",2025-05-08 16:30:42+00:00,Gizmodo.com,https://gizmodo.com/backbone-pro-review-mobile-controller-falls-just-short-of-premium-2000599153
I Desperately Hope This Lenovo Gaming Laptop Can Make 3D Screens Mainstream,Glasses-free 3D gaming refuses to die.,2025-05-08 18:45:26+00:00,Gizmodo.com,https://gizmodo.com/i-desperately-hope-this-lenovo-gaming-laptop-can-make-3d-screens-mainstream-2000599809
3 of NVIDIA's biggest red flags I can't ignore for its upcoming RTX 5060 launch,"NVIDIA's RTX 5060 is expected to launch on May 19. Unfortunately, NVIDIA looks to be limiting review driver access, adding another red flag to the launch.",2025-05-08 13:51:30+00:00,Windows Central,https://www.windowscentral.com/hardware/nvidia/rtx-5060-launch-red-flags
"My top gaming laptop of 2024 defended its crown with a redesign, but lost one of my favorite features","Lenovo redesigned its popular Legion Pro 7i gaming laptop alongside new Intel and NVIDIA hardware, and the result is a capable, immensely powerful machine.",2025-05-03 12:00:00+00:00,Windows Central,https://www.windowscentral.com/hardware/lenovo/lenovo-legion-pro-7i-gen-10-review
NVIDIA Corporation (NVDA): Among Ken Fisher’s Technology Stock Picks with Huge Upside Potential,,2025-05-03 14:46:28+00:00,Yahoo Entertainment,https://consent.yahoo.com/v2/collectConsent?sessionId=1_cc-session_c877fe3c-f725-4c7c-b557-23e05a96e7ab
Is NVIDIA Corporation (NVDA) the Best Monopoly Stock to Buy Now?,,2025-05-06 10:42:32+00:00,Yahoo Entertainment,https://consent.yahoo.com/v2/collectConsent?sessionId=1_cc-session_6ad2a0c2-d3d9-4607-a5b3-4425d22f9c1a
Jim Cramer Asserts that NVIDIA Corporation (NVDA) Will Experience Sizeable Demand,,2025-05-07 16:05:35+00:00,Yahoo Entertainment,https://consent.yahoo.com/v2/collectConsent?sessionId=1_cc-session_71da09b2-90ff-4d6d-bb97-9e9eb51ec8d5
NVIDIA Corporation (NVDA): Among Billionaire Ray Dalio’s Bridgewater’s Stock Picks with Huge Upside Potential,"We recently published a list of Billionaire Ray Dalio’s Bridgewater’s 10 Stock Picks with Huge Upside Potential. In this article, we are going to take a look...",2025-05-07 17:02:06+00:00,Yahoo Entertainment,https://finance.yahoo.com/news/nvidia-corporation-nvda-among-billionaire-170206910.html
Is NVIDIA Corporation (NVDA) Among The High Growth Companies Hedge Funds Are Buying?,,2025-05-05 16:03:44+00:00,Yahoo Entertainment,https://consent.yahoo.com/v2/collectConsent?sessionId=1_cc-session_bcbe7a45-dc19-49c6-a650-613a3c3c5da7
NVIDIA Corporation (NVDA): Among Billionaire Mario Gabelli’s Large-Cap Stock Picks with Huge Upside Potential,"We recently published a list of Billionaire Mario Gabelli’s 10 Large-Cap Stock Picks with Huge Upside Potential. In this article, we are going to take a look...",2025-05-07 22:00:12+00:00,Yahoo Entertainment,https://finance.yahoo.com/news/nvidia-corporation-nvda-among-billionaire-220012587.html
Is NVIDIA (NVDA) the Best NASDAQ Stock to Buy According to Billionaires?,"We recently published a list of 10 Best NASDAQ Stocks to Buy According to Billionaires. In this article, we are going to take a look at where NVIDIA...",2025-05-02 19:15:38+00:00,Yahoo Entertainment,https://finance.yahoo.com/news/nvidia-nvda-best-nasdaq-stock-191538753.html
Prediction: This Artificial Intelligence (AI) Stock Could Be Worth More Than Nvidia by 2030,,2025-05-07 11:33:36+00:00,Yahoo Entertainment,https://consent.yahoo.com/v2/collectConsent?sessionId=1_cc-session_579213f5-570c-41a8-ae38-e2d581325e6c
"Gigabyte Aorus Master 16 review: powerful graphics, LOUD FANS","The Gigabyte Aorus Master 16 is a gaming laptop, and it sure looks like one. It's an inch thick, weighs 5.5 pounds, and is awash in RGB lighting, stylized text, and curved plastic. This Aorus Master offers powerful hardware and a lovely high-res, high-refresh…",2025-05-02 19:57:08+00:00,The Verge,https://www.theverge.com/reviews/658137/gigabyte-aorus-master-16-gaming-laptop-rtx-5080-review
Nvidia opens the floodgates to its latest Shield TV update; you no longer have to opt in,"Last month's opt-in Shield TV update has morphed into a full-fledged release for every Shield owner, out now",2025-05-07 14:48:57+00:00,Android Police,https://www.androidpolice.com/nvidia-opens-floodgates-to-latest-shield-tv-update/
NVIDIA follows up last month’s Shield TV hotfix with an update that won’t break your apps,NVIDIA has cleaned up last month's hotfix update with a stable 9.2.1 release that's ready for all its users to install.,2025-05-07 21:49:21+00:00,Android Authority,https://www.androidauthority.com/shield-tv-9-2-1-update-3555404/
"Nvidia is supposedly ""trying to hide"" the RTX 5060, as there may not be reviews at launch",It looks like we'll have to wait a while before reviews start rolling out.,2025-05-08 14:07:14+00:00,XDA Developers,https://www.xda-developers.com/rtx-5060-limited-launch-reviews/
Cerebras CEO actually finds common ground with Nvidia as startup notches IBM win,"Feldman calls US's AI Diffusion rules ‘bad policy’
Cerebras Systems' dinner-plate-sized chips currently power the latest AI inference offerings from Meta and, soon, those of IBM, but US trade policy weighs heavy on its prospects worldwide.…",2025-05-06 14:00:08+00:00,Theregister.com,https://www.theregister.com/2025/05/06/cerebras_ceo_blasts_us_trade/
NVIDIA Corporation (NVDA): Among Billionaire Louis Bacon’s Stock Picks with Huge Upside Potential,,2025-05-07 13:27:38+00:00,Yahoo Entertainment,https://consent.yahoo.com/v2/collectConsent?sessionId=1_cc-session_4b4f6b65-934c-43e4-a286-675a2eb95cc0
"I tested this superb gaming laptop, and it proves that NVIDIA's RTX 5090 is still a massive waste of money","I've been playing my favorite games and running benchmarks on the ASUS ROG Strix SCAR 18 for a few weeks. It's a great laptop, but the RTX 5090 doesn't impress.",2025-05-06 12:00:00+00:00,Windows Central,https://www.windowscentral.com/hardware/laptops/asus-rog-strix-scar-18-g835l-review
Nvidia CEO Jensen Huang says San Francisco is so back — thanks to AI,Nvidia (NVDA) CEO Jensen Huang said AI has revived a dying San Francisco that many thought wouldn’t recover from the pandemic.Read more...,2025-05-06 16:45:00+00:00,Quartz India,https://qz.com/nvidia-ceo-jensen-huang-san-francisco-ai-1851779366
"Mark Zuckerberg says his management style involves no 1-on-1s, few direct reports, and a 'core army' of 30 running Meta","Mark Zuckerberg said he gets ""really frustrated"" and in a ""bad mood"" if he doesn't block out time in his schedule to work on key tasks each day.",2025-05-08 13:47:53+00:00,Business Insider,https://www.businessinsider.com/meta-ceo-mark-zuckerberg-management-style-direct-reports-delegation-2025-5
MSI Titan 18 HX Review: Titanic Doesn’t Even Begin to Describe This Gaming Laptop,MSI's TItan 18 HX gaming laptop is the desktop replacement that comes extremely close to the power (and obscene cost) of an actual desktop PC.,2025-05-05 11:00:20+00:00,Gizmodo.com,https://gizmodo.com/msi-titan-18-hx-review-titanic-doesnt-even-begin-to-describe-this-gaming-laptop-2000591485
Nvidia RTX 5060 lands May 19 for $299,"It’s been about three weeks since Nvidia announced the RTX 5060 Ti, which also came along with the cheaper RTX 5060, naturally. We didn’t have an official launch date for the 5060, just “May.” Now we know it’ll be here on May 19 — that’s the Monday after next…",2025-05-06 17:54:28+00:00,PCWorld,https://www.pcworld.com/article/2773564/nvidia-rtx-5060-lands-may-19th-for-299.html
NVIDIA GeForce RTX 5070 12GB GDDR7 Founders Graphics Card + Doom: Dark Ages (PCDD) $549 + Free Shipping,"PEOPLE HAVE HAD ISSUES WITH ORDERING. If it doesn't work, try doing it on Firefox. 
 
The GeForce RTX 5070 is a high-end graphics card by NVIDIA, launched on March 4th, 2025. Built on the 5 nm...",2025-05-03 02:07:02+00:00,Slickdeals.net,https://slickdeals.net/f/18288436-nvidia-geforce-rtx-5070-12gb-gddr7-founders-edition-msrp-doom-the-dark-ages-550-at-nvidia?utm_source=rss&utm_content=fp&utm_medium=RSS2
Someone got the Nintendo Switch 2's hardware early and spilled all the beans,We now have a full technical breakdown of the Switch 2.,2025-05-07 14:26:56+00:00,XDA Developers,https://www.xda-developers.com/someone-got-the-nintendo-switch-2s-hardware-early-and-spilled-all-the-beans/
Warren Buffett's succession plan & net worth: What to know,"It was announced over the weekend that Warren Buffett will step down as CEO of Berkshire Hathaway (BRK-B, BRK-A) at the end of 2025, handing the role to vice...",2025-05-05 16:41:11+00:00,Yahoo Entertainment,https://finance.yahoo.com/video/warren-buffetts-succession-plan-net-164111577.html
Thunder Compute (YC S24) Is Hiring a C++ Low-Latency Systems Developer,"Systems Engineer (Full-Time)
Company description
Thunder Compute is building VMWare for GPUs. We are a 3-person team, backed by Y-Combinator, and seed funded.
Our GPU virtualization software eliminates idle GPU cycles. This occurs through a mix of sharing and…",2025-05-08 07:01:08+00:00,Hacker News,https://www.ycombinator.com/companies/thunder-compute/jobs/6nKTbsu-systems-engineer
Nvidia CEO Jensen Huang got his first raise in a decade,The chief executive of the world’s biggest chipmaker is getting his first raise in a decade.Read more...,2025-05-02 13:43:00+00:00,Quartz India,https://qz.com/nvidia-ceo-jensen-huang-pay-salary-compensation-stock-1851778812
"Sources: Nvidia told ByteDance, Alibaba, Tencent, and others that it is tweaking its AI chips so they can be sold in China without breaching US export rules (Qianer Liu/The Information)","Qianer Liu / The Information:
Sources: Nvidia told ByteDance, Alibaba, Tencent, and others that it is tweaking its AI chips so they can be sold in China without breaching US export rules  —  The U.S. government is steadily tightening the noose on Nvidia's sal…",2025-05-02 13:15:02+00:00,Techmeme.com,https://www.techmeme.com/250502/p11
NVIDIA Corporation (NVDA): Long-Term Growth Confidence Builds Despite Modest Portfolio Weighting,"We recently published a list of 10 AI Stocks Getting Wall Street’s Attention Right Now. In this article, we are going to take a look at where NVIDIA...",2025-05-07 17:34:08+00:00,Yahoo Entertainment,https://finance.yahoo.com/news/nvidia-corporation-nvda-long-term-173408257.html
I went to the 'Conclave of Silicon Valley.' It showed the hold tech has on DC.,Tech titans and DC policymakers sound the alarm on China's AI and defense tech surge at the high-powered Hill and Valley Forum.,2025-05-02 09:00:02+00:00,Business Insider,https://www.businessinsider.com/silicon-valley-descended-on-dc-talk-ai-china-rebuilding-america
"Alienware's 32-inch 4K QD-OLED monitor is down to $899, and I’d pick it over any ultrawide right now","Save $300 on Alienware's 32-inch 4K QD-OLED gaming monitor with 240Hz refresh rate, 0.03ms response time, and G-SYNC support. Now $899.99.",2025-05-06 17:30:00+00:00,Rock Paper Shotgun,https://www.rockpapershotgun.com/alienware-qd-oled-4k-monitor-best-deal
Here’s why Trump killing the ‘AI diffusion rule’ is a win for chipmakers,The U.S. government plans to withdraw a rule introduced under the Biden administration that had aimed to restrict exports of advanced AI chips — a policy that had posed challenges for major semiconductor companies like Nvidia (NVDA) and AMD (AMD).Read more...,2025-05-08 16:25:00+00:00,Quartz India,https://qz.com/nvidia-amd-trump-biden-ai-chips-china-rule-1851779738
"""Are we all doomed?"" — Fiverr CEO Micha Kaufman warns that AI is coming for all of our jobs, just as Bill Gates predicted","Fiverr CEO Micha Kaufman claims AI is coming for all jobs, including his own, recommending upskilling to remain relevant in an AI-driven job market.",2025-05-07 09:46:11+00:00,Windows Central,https://www.windowscentral.com/software-apps/fiverr-ceo-micha-kaufman-ai-is-coming-for-our-jobs
"ASUS ROG Strix G16 Drops to $1,149 – Save $250 on RTX 4060 Beast","Save $250 on the ASUS ROG Strix G16 gaming laptop with RTX 4060, i7-13650HX, and 1TB SSD. Grab this limited-time deal for just $1,149 now.
The post ASUS ROG Strix G16 Drops to $1,149 – Save $250 on RTX 4060 Beast appeared first on Phandroid.",2025-05-02 10:39:54+00:00,Phandroid - News for Android,https://phandroid.com/2025/05/02/asus-rog-strix-g16-drops-to-1149-save-250-on-rtx-4060-beast/
New Nvidia AI Blueprint is a bridge between Blender and AI image generation,Using Blender provides structure for more precise AI image generation.,2025-05-02 08:00:00+00:00,Creative Bloq,https://www.creativebloq.com/3d/new-nvidia-ai-blueprint-is-a-bridge-between-blender-and-ai-image-generation
NVIDIA Corporation (NVDA): Among Most Popular Stocks on Robinhood in 2025,,2025-05-07 11:55:29+00:00,Yahoo Entertainment,https://consent.yahoo.com/v2/collectConsent?sessionId=1_cc-session_88ad2a27-d590-42d0-97b7-bdcd575ecdd3
Jim Cramer Says ‘You Bet Against NVIDIA Corporation (NVDA) At Your Own Peril’,,2025-05-02 11:52:42+00:00,Yahoo Entertainment,https://consent.yahoo.com/v2/collectConsent?sessionId=1_cc-session_6a9d497a-225d-41af-83b9-adc9038ec877
NVIDIA Corporation (NVDA): Among Unknown Billionaire Phill Gross’ Stock Picks with Huge Upside Potential,,2025-05-05 14:30:14+00:00,Yahoo Entertainment,https://consent.yahoo.com/v2/collectConsent?sessionId=1_cc-session_15d56c3d-1043-4ce6-9063-6fea4261b6ad
NVIDIA Corporation (NVDA): Among David Tepper’s Stock Picks with Huge Upside Potential,,2025-05-07 11:58:06+00:00,Yahoo Entertainment,https://consent.yahoo.com/v2/collectConsent?sessionId=1_cc-session_01161f69-3511-424d-86de-0f977498aaf0
We tested Nvidia DLSS 4 on 20-series to 50-series graphics cards,"Originally a super-fancy form of upscaling, “DLSS” has become gamer shorthand for a host of allegedly AI-powered graphics tricks exclusive to Nvidia’s graphics cards. In the PCWorld lab, Will Smith has been breaking down some of the different ways that upscal…",2025-05-05 19:08:31+00:00,PCWorld,https://www.pcworld.com/article/2772244/we-tested-nvidia-dlss-4-on-20-series-to-50-series-graphics-cards.html
"After AI, Nvidia wants to own a slice of that sweet trillion-dollar cybersecurity pie with its new DOCA software platfom","Nvidia wants to protect AI infrastructure with DOCA Argus, its new agentless security framework.",2025-05-06 17:31:00+00:00,TechRadar,https://www.techradar.com/pro/after-ai-nvidia-wants-to-own-a-slice-of-that-sweet-trillion-dollar-cybersecurity-pie-with-its-new-doca-software-platfom
Nvidia RTX 5060 Ti 8GB reportedly suffers up to loss of 10% performance when using PCIe 4.0,"Nvidia launched its latest RTX 5060 Ti graphics cards last month. But the 8GB model is said to suffer from a major flaw. A report by Computer Base reveals performance disparities in […]
Thank you for being a Ghacks reader. The post Nvidia RTX 5060 Ti 8GB repo…",2025-05-05 11:32:09+00:00,Ghacks Technology News,http://www.ghacks.net/2025/05/05/nvidia-rtx-5060-ti-8gb-reportedly-suffers-up-to-loss-of-10-performance-when-using-pcie-4-0/
Apple working on M6 & M7 chips alongside new AI server processor,"While Apple's M5 chip is expected to debut on Mac and iPad, in late 2025, the company's M6 and M7 chips are in the works, in conjunction with a new AI server farm processor.An M5-powered MacBook Pro could debut in 2025, while M6 and M7 chips will likely follo…",2025-05-08 18:02:55+00:00,AppleInsider,https://appleinsider.com/articles/25/05/08/apple-working-on-m6-m7-chips-alongside-new-ai-server-processor
"Nvidia reportedly halts RTX 5090D deliveries in China — undelivered orders canceled, GPU ban speculated",Nvidia reportedly cancelled the sales of the RTX 5090D in China.,2025-05-08 11:33:55+00:00,Tom's Hardware UK,https://www.tomshardware.com/pc-components/gpus/nvidia-reportedly-halts-rtx-5090d-deliveries-in-china-undelivered-orders-canceled-gpu-ban-speculated
A Middle Eastern Firm Is Making a $2 Billion Investment Using Trump’s Crypto,The Trump family keeps cashing in.,2025-05-02 18:55:30+00:00,Gizmodo.com,https://gizmodo.com/a-middle-eastern-firm-is-making-a-2-billion-investment-using-trumps-crypto-2000597454
"Like King Arthur and Excalibur, here's yet another AI startup trying its luck at dislodging Nvidia from the AI stone",French startup VSORA raises $46 million to take on Nvidia with a custom-built AI inference chip.,2025-05-08 17:33:00+00:00,TechRadar,https://www.techradar.com/pro/security/like-arthur-and-excalibur-heres-yet-another-ai-startup-trying-its-luck-at-dislodging-nvidia-from-the-ai-stone
"Lightricks just made AI video generation 30x faster — and you won’t need a $10,000 GPU","Lightricks unveils groundbreaking LTXV-13B AI video model that runs 30X faster than competitors on consumer hardware through innovative ""multiscale rendering"" technology.",2025-05-06 17:56:44+00:00,VentureBeat,https://venturebeat.com/ai/lightricks-just-made-ai-video-generation-30x-faster-and-you-wont-need-a-10000-gpu/
Nvidia Builds An AI Superhighway To Practical Quantum Computing,Nvidia invests in accelerating the transition from experimental to practical quantum computing via AI-driven quantum error correction.,2025-05-05 13:00:00+00:00,Forbes,https://www.forbes.com/sites/gilpress/2025/05/05/nvidia-builds-an-ai-superhighway-to-practical-quantum-computing/
Gaming mini PC concept brings cyberpunk look to 3A PC gaming,"Gaming mini PC concept brings cyberpunk look to 3A PC gamingGamers, particularly those who are into those AAA (3A) PC games like Grand Theft Auto, The Witcher, Baldur’s Gate, etc, are very particular when it...",2025-05-07 08:45:20+00:00,Yanko Design,https://www.yankodesign.com/2025/05/07/gaming-mini-pc-concept-brings-cyberpunk-look-to-3a-pc-gaming/
Intel's Arc B770 GPU could go head-to-head with Nvidia's RTX 5060 – and it's expected to be revealed at Computex,"Nvidia is preparing its launch of the RTX 5060 this May, but rumors suggest Intel may join AMD in the party of disrupting Team Green's efforts.",2025-05-06 13:20:44+00:00,TechRadar,https://www.techradar.com/computing/gpu/intels-arc-b770-gpu-could-go-head-to-head-with-nvidias-rtx-5060-and-its-expected-to-be-revealed-at-computex
Buy Or Sell Nvidia Stock Ahead Of Earnings?,"The consensus estimates earnings of $0.89 per share, reflecting a 45% increase from the previous year, while revenues are projected to rise by 65% year-over-year to $4...",2025-05-05 09:30:00+00:00,Forbes,https://www.forbes.com/sites/greatspeculations/2025/05/05/buy-or-sell-nvidia-stock-ahead-of-earnings/
Best RTX 5080 laptop deal: HP Omen Max 16 is down to just $2610 today,"There's a new king of RTX 5080 laptop deals, and it's this HP Omen Max 16 configuration. At $2,609.99 shipped with promo code PC10DEAL, it undercuts the competition by hundreds of dollars without compromising on power. Read more",2025-05-07 17:30:00+00:00,Rock Paper Shotgun,https://www.rockpapershotgun.com/best-deal-rtx-5080-laptop-for-under-2700
Parts for that high-performance Intel Battlemage gaming GPU have been spotted again and I still want it to teach Nvidia's RTX 5070 a $400 pricing lesson,Anything that might keep Nvidia honest would be incredibly welcome.,2025-05-02 14:45:49+00:00,PC Gamer,https://www.pcgamer.com/hardware/graphics-cards/parts-for-that-high-performance-intel-battlemage-gaming-gpu-have-been-spotted-again-and-i-still-want-it-to-teach-nvidias-rtx-5070-a-usd400-pricing-lesson/
Nvidia RTX 5060 Ti 8GB loses up to 10% performance when using PCIe 4.0,"When attached to a PCIe 4.0 interface, Nvidia RTX 5060 Ti 8GB video cards experience a massive performance hit in some game titles.",2025-05-03 17:05:19+00:00,Tom's Hardware UK,https://www.tomshardware.com/pc-components/gpus/nvidia-rtx-5060-ti-8gb-loses-up-to-10-percent-performance-when-using-pcie-4-0
"Nvidia to drop CUDA support for Maxwell, Pascal, and Volta GPUs with the next major Toolkit release","Nvidia indirectly prompts developers to upgrade as Maxwell (GTX 900), Pascal (GTX 1000), and Volta (data-center) GPUs will not be supported in the next major CUDA version.",2025-05-06 13:06:15+00:00,Tom's Hardware UK,https://www.tomshardware.com/pc-components/gpus/nvidia-to-drop-cuda-support-for-maxwell-pascal-and-volta-gpus-with-the-next-major-toolkit-release
Dell lists a hot deal with $400 off this RTX 5080 Alienware gaming PC,"Dell's Alienware Aurora lineup get a hardware upgrade, grab a system with an Nvidia RTX 5080 graphics card for just $2,470.",2025-05-06 16:34:55+00:00,Tom's Hardware UK,https://www.tomshardware.com/desktops/gaming-pcs/dell-lists-a-hot-deal-with-usd400-off-this-rtx-5080-alienware-gaming-pc
Nvidia is Working on China-Tailored Chips Again After U.S. Export Ban,The Information reports that Nvidia is adjusting the design of its AI chips so they can be sold in China.,2025-05-02 21:04:03+00:00,Biztoc.com,https://biztoc.com/x/3fd7dcd9d91e014d
Distributed Continuous GPU Profiling,"Trace GPU performance issues from kernel stalls or memory bottlenecks—directly to the PyTorch code, CUDA kernels, native code, or scheduler threads that launched them—with zero friction",2025-05-02 12:11:18+00:00,Zymtrace.com,https://zymtrace.com/article/zero-friction-gpu-profiler
A Step Towards Music Generation Foundation Model,ACE-Step: A Step Towards Music Generation Foundation Model - ace-step/ACE-Step,2025-05-06 20:38:00+00:00,Github.com,https://github.com/ace-step/ACE-Step
Nvidia and 29 Other Stocks to Play AI,,2025-05-08 19:38:56+00:00,Biztoc.com,https://biztoc.com/x/0f55fb26e90e102b
"Latest Nvidia Shield TV update widely rolling out to all devices with fixes, 120fps gaming","Nvidia hasn’t refreshed the Shield TV in over five years, but the company keeps software support going, with a new update now widely available with various bug fixes and newly added support for gaming at 120fps via GeForce Now.



 more…",2025-05-07 13:20:00+00:00,9to5google.com,http://9to5google.com/2025/05/07/nvidia-shield-tv-9-2-1-update-rolling-out/
AMD's Radeon RX 9060 XT 16GB GPU reportedly set to take retail priority over 8GB counterpart - is this the beginning of the end for 8GB GPUs?,"AMD and Nvidia look set to battle it out again, with both anticipated to launch GPUs this May, but one of Team Red's may not get much spotlight in the market.",2025-05-02 09:12:55+00:00,TechRadar,https://www.techradar.com/computing/gpu/amds-radeon-rx-9060-xt-16gb-gpu-reportedly-set-to-take-retail-priority-over-8gb-counterpart-is-this-the-beginning-of-the-end-for-8gb-gpus
Nvidia CEO sounds the alarm on China,Nvidia stock is down 15% year-to-date.,2025-05-07 19:37:00+00:00,TheStreet,https://www.thestreet.com/technology/nvidia-ceo-sends-strong-message-on-china
Nvidia pitches Star Wars vs. Star Trek fans in May The Fourth RTX 5090 competition,"Nvidia has announced a competition for May The Fourth 2025, which should mean at least two PC enthusiasts win a free GeForce RTX 5090 by the end of the day.",2025-05-04 16:15:00+00:00,Tom's Hardware UK,https://www.tomshardware.com/pc-components/gpus/nvidia-pitches-star-wars-vs-star-trek-fans-in-may-the-fourth-rtx-5090-competition
Nvidia and MediaTek may unveil jointly developed 'N1' Arm chips for Windows PCs at Computex,"Nvidia and MediaTek are expected to unveil their jointly developed N1 and N1X Arm-based PC processors at Computex 2025, but it is unclear when they are set to be available.",2025-05-06 16:36:47+00:00,Tom's Hardware UK,https://www.tomshardware.com/pc-components/cpus/nvidia-and-mediatek-may-unveil-jointly-developed-n1-arm-chips-for-windows-pcs-at-computex
Nvidia reveals the launch date for the RTX 5060,"Rumors turned out to be true: Nvidia has just confirmed the launch date for the most affordable RTX 50 graphics card, the RTX 5060. Read more...",2025-05-06 15:16:01+00:00,Neowin,https://www.neowin.net/news/nvidia-reveals-the-launch-date-for-the-rtx-5060/
Entire Mafia series of 2K gets Nvidia GeForce NOW support,"Ahead of the launch of the fourth entry in the Mafia franchise, the complete series has landed on the Nvidia GeForce NOW cloud gaming service this week. Read more...",2025-05-08 15:58:03+00:00,Neowin,https://www.neowin.net/news/entire-mafia-series-of-2k-gets-nvidia-geforce-now-support/
Security updates for Wednesday,"Security updates have been issued by Fedora (incus and nodejs20), Red Hat (freetype, kernel, kernel-rt, libsoup, libtiff, redis, redis:6, and thunderbird), SUSE (apparmor, chromium, grafana, ImageMagick, java-11-openjdk, java-17-openjdk, libsoup, libsoup2, li…",2025-05-07 13:05:09+00:00,Lwn.net,https://lwn.net/Articles/1020404/
"Qualcomm targets Intel with three new ads for Snapdragon X PCs — ""Here's a little intel on what's really inside""","Snapdragon X chips are front and center in Qualcomm’s new ads, directly challenging Intel’s dominance in the Windows PC market.",2025-05-07 16:53:54+00:00,Windows Central,https://www.windowscentral.com/hardware/cpu-gpu-components/qualcomm-targets-intel-with-three-new-ads-for-snapdragon-x-pcs-heres-a-little-intel-on-whats-really-inside
There are 2 distinct forces driving stocks higher today,"A trade deal between the US and the UK boosted optimism on Wall Street. Stocks jumped, while yields rose as traders adjusted after Wednesday's Fed meeting.",2025-05-08 13:56:38+00:00,Business Insider,https://www.businessinsider.com/trade-deal-trump-tariffs-us-uk-stock-market-today-2025-5
Dow Jones Futures Rally On Trump's 'Major Trade Deal'; Nvidia Partner Arm Dives On Earnings,"Nvidia partner Arm tumbled on earnings, AppLovin surged in premarket trading.",2025-05-08 12:07:31+00:00,Investor's Business Daily,https://www.investors.com/market-trend/stock-market-today/dow-jones-sp500-nasdaq-trump-trade-deal-nvidia-partner-arm-stock/
Nvidia CEO Jensen Huang just got a pay rise for the first time in a decade,Huang's salary surges by 49%,2025-05-02 16:03:00+00:00,TechRadar,https://www.techradar.com/pro/nvidia-ceo-jensen-huang-just-got-a-pay-rise-for-the-first-time-in-a-decade
Nvidia and MediaTek rumoured to announce new Windows on Arm laptop chips at Computex 2025,"The show kicks off in a few weeks, so AMD APUs could have stiff competition very soon.",2025-05-07 10:40:23+00:00,PC Gamer,https://www.pcgamer.com/hardware/processors/nvidia-and-mediatek-rumoured-to-announce-new-windows-on-arm-laptop-chips-at-computex-2025/
OpenSearch 3.0 Released,"Latest iteration bolsters open, scalable, community-driven search and analytics, enabling sustainable innovation SAN FRANCISCO – May 6, 2025 – The OpenSearch Software Foundation, the vendor-neutral home for the OpenSearch Project,...",2025-05-07 15:38:46+00:00,Opensearch.org,https://opensearch.org/blog/opensearch-3-0-enhances-vector-database-performance/
"Nvidia Dynamo And Storage Next Boost AI Storage, Performance And Lowers Costs",Nvidia’s Dynamo enables faster and more efficient AI inference with scalable digital storage and memory hierarchical KV caching. More to come.,2025-05-07 18:51:00+00:00,Forbes,https://www.forbes.com/sites/tomcoughlin/2025/05/07/nvidia-dynamo-and-storage-next-boost-ai-storage-performance-and-lowers-costs/
Just good enough: Huawei's new AI chip is only a small stepping stone towards domestic hegemony and an Nvidia-free China,"Reports says Huawei is preparing to test its most advanced AI chip yet, but can Ascend 910D challenge Nvidia's H100?",2025-05-07 17:34:00+00:00,TechRadar,https://www.techradar.com/pro/just-good-enough-huaweis-new-ai-chip-is-only-a-small-stepping-stone-towards-domestic-hegemony-and-an-nvidia-free-china
"Nvidia RTX Pro 6000 Blackwell appears online with an eye-watering price tag of over $11,000","Over three-times the cost of a price-inflated RTX 5090, but it has more CUDA cores and a massive 96GB of GDDR7 memory.",2025-05-05 13:20:44+00:00,Tom's Hardware UK,https://www.tomshardware.com/pc-components/gpus/nvidia-rtx-pro-6000-blackwell-appears-online-with-an-eye-watering-price-tag-of-over-usd11-000
Cadence releases new AI supercomputer — uses Nvidia RTX Pro 6000 GPUs to improve simulation run time,Cadence is releasing a new supercomputer that takes advantage of Nvidia's latest AI chips.,2025-05-08 17:28:48+00:00,Tom's Hardware UK,https://www.tomshardware.com/tech-industry/supercomputers/cadence-releases-new-ai-supercomputer-uses-nvidia-rtx-pro-6000-gpus-to-improve-simulation-run-time
Back in Stock: Save $600 Off the Popular Lenovo Legion RTX 4070 Super Prebuilt Gaming PC,This is a great rig for gaming at up to 1440p.,2025-05-06 20:20:00+00:00,IGN,https://www.ign.com/articles/lenovo-legion-rtx-4070-super-prebuilt-gaming-pc-deal
"After projecting losses of $1.5 billion, AMD CEO Lisa Su calls for a balance between export controls and national security","Following an $800 million inventory charge due to U.S. export controls, AMD CEO Lisa Su echoed Nvidia's warnings that restricting access to the Chinese market could undermine American leadership in AI by enabling rival ecosystems.",2025-05-08 11:30:36+00:00,Tom's Hardware UK,https://www.tomshardware.com/tech-industry/artificial-intelligence/after-projecting-losses-of-usd1-5-billion-amd-ceo-lisa-su-calls-for-a-balance-between-export-controls-and-national-security
Veteran stock trader has surprising Nvidia take ahead of earnings,,2025-05-07 20:33:00+00:00,Yahoo Entertainment,https://consent.yahoo.com/v2/collectConsent?sessionId=1_cc-session_39c6a6f9-cf5e-4558-b4f7-449d3c0fdcfd
"Alienware Aurora Desktop: Intel Ultra 9 285, RTX 5080, 32GB DDR5, 1TB SSD $2450 or less + Free Shipping","Dell Technologies has Alienware Aurora Desktop on sale for $2449.99. Shipping is free.

Thanks Community Member Dr.Wajahat for sharing this deal

Note: New customers may receive an additional  ...",2025-05-06 13:33:11+00:00,Slickdeals.net,https://slickdeals.net/f/18294850-alienware-aurora-desktop-intel-ultra-9-285-rtx-5080-32gb-ddr5-1tb-ssd-2450-or-less-free-shipping
The Gigabyte GeForce RTX 5070 Graphics Card Is in Stock at MSRP for Amazon Prime Members,Includes a copy of Doom: The Dark Ages.,2025-05-07 16:55:00+00:00,IGN,https://www.ign.com/articles/nvidia-geforce-rtx-5070-graphics-card-is-in-stock-at-msrp-on-amazon-2
